"Code.INSEE","RR_med","NBJRR1_med","NBJRR5_med","NBJRR10_med","Tmin_med","Tmax_med","Tens_vap_med","Force_vent_med","Insolation_med","Rayonnement_med"
"43192",43.15,7,1.5,1,6.9,16.45,8.1,4.3,3342,12824
"15095",153.8,13,8,5,4.8,15.55,9.4,2.8,3464,12519
"15205",153.8,13,8,5,4.8,15.55,7.6,4.4,3464,12519
"15187",55.7,9,3,2,3.8,13.5,8.7,2.6,3336,12135
"15029",105.6,11,6,3,8.1,18.4,9.65,3.4,3345,11451
"15229",52,8,3,1,3.7,13.8,8.3,2.1,3336,12135
"12099",64.5,9,4,2,7.5,14.8,10.6,3.3,3138,12100
"12240",78.45,10,5,3,3.7,15,9.65,3.4,3345,11451
"15038",65.5,10,5.5,2,5.5,14.8,7.3,4.7,3058,11646
"15015",90.7,11,6,3,5.9,15.45,9.4,2.3,NA,NA
"38138",66.5,9,4,2,8.35,17,10.2,2.9,2946,11810
"58003",96.3,12,6.5,3,5.2,14.1,9.6,3.3,2951,11810
"12096",74.4,9,5,3,6,16,10.4,2,3703,13345
"12147",64.5,9,4,2,7.5,14.8,9.55,3.9,3138,12100
"15166",111.05,11,6,4,7,15,10.1,2.2,3349,12638
"15083",98.1,11.5,6,4,3.7,16.4,9.4,2.8,3464,12519
"38523",80.4,9,5,3,7.3,15.3,11,0.9,3258,12251.5
"12130",89.55,10,5,3,6.6,17.5,10.1,2.2,3349,12638
"15207",52,8,3,1,3.5,15.6,3.6,1.05,3336,12135
"97411",128,12,6,4,17.5,25,20.75,3.3,4726,19659
"40184",40.85,7,2.5,1,9.6,18.1,12.7,1.3,3184,12763
"40040",75.3,10,5,2,6.9,20.2,11.2,1.2,2949,12075
"33329",66.05,10,4,2,7.4,18,12.4,2.4,3342,12753
"16384",61.5,10,4,2,7.8,17.65,11.4,2.2,3380,12747
"34235",52.5,3,3,2,8.3,17.4,9.6,5.3,3138,12100
"34178",37.3,5,2,1,9.95,19.6,11.1,3.1,4299,14539.5
"2B251",39.25,5,2,1,7.9,18.9,12.6,3.1,4020,14625
"4093",57.05,7,4,2,2.95,17.05,8.8,1.8,4490,16015
"66072",57.2,8,4,2,3.9,14.7,7.15,2.8,4173,15741
"30090",104.95,8,5,3,7.9,16.4,9.6,2.7,3865.5,13845
"7194",67.5,7,4,2,9.4,20.3,12.1,3.8,5775,23126
"7114",66,9,4,2,4.5,13,8.3,3.7,3090.5,12678
"7263",73.3,4.5,3.5,2,6.3,15.1,9.6,3.8,3297,12155
"34316",36,4,2,2,10.1,18.9,10.7,4.7,NA,NA
"34016",32.9,4,2,1,8.2,19.7,10.95,2.2,4104,14498
"34286",73.05,6,3,2,6.5,16.9,10.7,4.7,NA,NA
"34341",42.7,4,2,1,11.6,17.9,11.9,4.8,4104,14498
"4229",63.85,6,4,2,5.05,19.05,9.1,1.8,4433,13701
"11251",56.8,7,3,2,9.7,18.5,11.7,4.9,3389,14179
"34143",32,4,2,1,11.6,17.9,11.9,4.8,4104,14498
"7202",97.55,7,4,3,8.5,18.7,9.7,1.5,NA,NA
"7136",82.9,9,5,3,2.8,13.95,8.5,3.3,NA,NA
"6042",62.95,6,3,2,6,15,7.1,2,NA,NA
"6116",78.3,5.5,4,3,1.3,15.3,7.7,1.8,NA,NA
"2B049",63.6,6,3,2,10.7,20.3,11.9,3.7,4352.5,15088.5
"48119",67.05,8,4,2,6.2,14.1,8.5,3.3,NA,NA
"66179",66.7,7,4,2,7.4,17,9.65,1.8,NA,NA
"66016",30.95,4,2,1,12.3,17.95,12.3,8,4055,14416
"7045",94.55,8,4,3,7.2,16.4,9.7,3.6,NA,NA
"5033",63.8,7,4,2,5.1,18.6,8.7,2.4,3895,13933
"7153",103.9,8,5,3,7.4,19.6,9.5,1.7,3275,12558
"11265",69.65,9,5,2,4.5,14,8.5,2.7,4173,15741
"83007",44,5,3,2,7.25,18.7,11.3,2.3,NA,NA
"48022",72,8,4,2,8.2,20.2,8.8,4.2,3282,11861.5
"48097",116.25,7,4.5,3,7.8,15.85,9.2,3.4,NA,NA
"48186",72,8,4,2,8.2,20.2,8.8,4.2,NA,NA
"30062",41,4,2,1,9.7,20.4,12.3,2.5,4205,15149
"4039",64.5,7,4,2,4.45,19.3,7.75,1.6,NA,NA
"83114",46.95,5,3,2,6.35,20.1,10.7,2.3,4308,14970
"34169",44,5,2,1,9.9,19,10.9,2.2,4690,15794
"7147",97.55,7,4,3,8.5,18.7,9.7,1.5,NA,NA
"2A324",110.5,8,4.5,3.5,8.7,17.35,9.25,4.4,NA,NA
"2A139",55,6,3,1.5,12.1,20.6,12.2,3.1,4333,15127
"2B096",277,11,11,8,5.1,10.3,4.9,3.3,4052,14420
"2B080",39.7,6,3,1,9.1,18.1,10.9,2.6,NA,NA
"66207",46.8,5.5,2,1,8.8,19.5,10.95,2.6,2808,11152
"66056",29.15,5,2,1,8.8,19.5,10.95,2.6,2808,11152
"66088",22.35,4.5,1,1,9.2,20.1,11.2,3.1,2808,11152
"2B058",40.85,5,3,1,13.5,18.95,12.55,4.3,4212,14636
"34339",38.2,5,2,1,9.9,19.9,11,3.9,NA,NA
"83150",41.4,5,2,1,6.2,20.4,10.2,2.5,4602,16072
"2B185",41.15,5,2,1,10.6,20.4,12.3,2.3,4212,14636
"2B079",42.3,5,2,1,9.7,18.3,11.4,2.6,4212,14636
"2B110",45.6,6,2,1,6.4,20,10.9,1.7,4232,15515
"11097",50.35,7,3,1,8.2,19.4,10.6,3.3,3579,14012
"66004",48.2,8,4,1,1.5,12.3,6.9,3.6,4173,15741
"66021",27.8,4,2,1,10.2,19.3,12.1,3.4,4055,14416
"2B112",55.4,6,3,2,8.75,19,12.6,4.7,4352.5,15088.5
"11396",30.5,4,2,1,9.6,17.5,11.2,4.5,3965,14346.5
"11069",46.8,7,3,1,9.2,17.9,11.4,4.7,3476,13610
"4070",47.5,5,3,2,5.2,18.5,9.3,2.7,4529,14928
"34038",65.8,7,3,2,7.9,18.4,10.5,3.2,NA,NA
"48070",71,9,5,2,2.1,12.2,7.3,7,3281,12473
"13067",42.6,5,2,1,8.2,18.9,11.8,5.1,4448,15394
"13001",38.55,5,2.5,1,7.85,19.4,10.85,2,4650,15336
"11262",30.75,4,2,1,10.1,18.6,12.1,5.3,NA,NA
"34186",52.7,5,3,2,10.3,19.6,10.7,4.7,4299,14539.5
"11285",30.75,4,2,1,10.7,19.1,12.1,5.3,3965,14346.5
"34032",48.05,3,2.5,2,9.5,19.5,11.8,4,4299,14539.5
"7038",106.5,7,5,3,3.3,10.9,9.7,1.5,3275,12558
"48148",91.4,7,4,2,8.9,18.85,10.1,3.1,3865.5,13845
"66137",49.2,5,3,2,10.5,19.3,11,3.5,2808,11152
"34165",42.7,4,2,1,9.1,19.3,11.9,4.8,4104,14498
"66141",29.25,4,2,1,10.8,19.45,11.4,4.5,4099,14633.5
"66069",29.25,4,2,1,10.8,19.45,11.4,4.5,4099,14633.5
"83099",46.5,4,2,1,9.65,20.6,12.5,1.7,3757,13489.5
"34061",37.3,5,2,1,9.95,19.6,11.1,3.1,4299,14539.5
"66030",31.7,3,2,1,8.8,19.5,10.95,2.6,2808,11152
"66214",34.75,5,2,1,9.5,19.2,11.8,3.7,2808,11152
"66005",57.2,8,4,2,3.6,12.6,6.85,2.8,4173,15741
"66227",28.95,4,2,1,10.8,19.45,11.4,4.5,4099,14633.5
"11397",45.8,7,3,1,9.7,18.5,11.7,4.9,3476,13610
"66147",66.5,6,4,2,3.6,12.6,6.85,2.8,4173,15741
"4163",68.2,7,4,2,3.1,15.25,8.5,3.4,3410,12960
"4156",48.85,6,3,2,5.3,20.1,9.2,3.3,4529,14928
"13112",38.45,4,2,1,9.6,20.5,10.8,2.7,4653,15455
"5024",74.6,8,4,3,2.3,16.9,9.5,1.8,3396,11939
"7210",89.5,8,4,3,7.5,17.2,9.6,2.6,3297,12155
"2A004",52.05,6,3,2,10.9,21.5,12.9,3.2,4527,15479.5
"66150",75.5,7,4,3,3.9,11.4,7.05,3.1,3137,12269.5
"7266",81.05,8,4,3,6,15.9,9.7,1.5,NA,NA
"6057",58.4,5,3,2,9.4,16.9,9.4,1.4,NA,NA
"22233",59.75,11,4,1,7.3,16,11.5,5.5,2772,10874
"17110",53,9,4,2,7.3,17.9,11.4,1.3,3402.5,12764.5
"12275",76.95,7.5,4,2,7.5,14.8,10.5,3.2,3138,12100
"43220",57.5,9,3,2,2.5,13.5,8.3,3,3281,12473
"65066",64.2,9,4,2,4.85,21.4,9.15,1.8,3276,13039
"82038",68.3,9,4,2,7.8,18.9,11.1,2.3,3239.5,12941.5
"33230",53,9,4,2,7.4,18.6,11.4,1.3,3561,13736
"24263",69.3,9,5,2,9,20.6,11.1,2.4,3398,12700
"34305",116.05,10,6,4,7,15.3,10.9,4.2,3138,12100
"2B034",39.3,5,3,1,8.75,19,12.6,4.7,4352.5,15088.5
"2B350",46.5,5,3,1,9.7,18.3,12.8,2.7,4212,14636
"66048",30.95,4,2,1,12.3,17.95,12.3,8,4055,14416
"4023",61.3,7,4,2,2.95,17.05,8.7,1.2,4490,16015
"2B167",55.4,6,3,2,10.7,20.3,11.9,3.7,4352.5,15088.5
"30032",44.5,3,2,2,10.2,20.2,11.4,3.3,3442,6978
"34218",39.6,5,2,1,10.4,18.9,11,3.9,3138,12100
"2B123",38.5,5,2,1,11.4,19.7,12.6,3.1,4020,14625
"11122",41.35,6,3,1,9.9,19.4,11.8,5.6,3965,14346.5
"66186",28.95,4,2,1,10.2,19.3,12.1,3.4,4055,14416
"2B205",63.55,4.5,2,2,10.65,17,13.3,2.3,4212,14636
"34323",51.7,5,3,2,10.35,20.85,11,2.7,4299,14539.5
"30033",53,2,2,2,9.5,19.7,10.85,3.6,3851.5,14382.5
"34147",34.8,4,2,1,9.95,19.6,11.1,3.1,4299,14539.5
"2B337",38.75,5,2,1,16.95,33.65,11.4,2.6,4052,14420
"66205",31.7,3,2,1,8.55,17.65,10.5,2.1,3286,13667.5
"2B187",40.85,5,3,1,10.65,17,13.3,4.3,4212,14636
"2B143",41,5,2,1,13.5,19.9,13.3,3.6,4020,14625
"2B298",22.95,3,1.5,0.5,10.6,20.4,12.3,2.3,NA,NA
"34281",38.1,4,2,1,8.2,19.7,10.95,2.2,4120,14757
"7334",68,6,3,2,9,19.5,10.4,2.4,NA,NA
"34026",38.1,6,2,1,9.65,19.5,12.7,3.9,3965,14346.5
"66145",22.75,3,2,1,9.5,19.2,11.8,2.6,2808,11152
"2B188",41.15,5,2,1,10.6,20.4,12.3,2.3,4212,14636
"2B287",48.4,6,3,2,9.45,18.4,8.9,2.7,NA,NA
"66136",29.25,4,2,1,10.8,19.45,11.4,4.5,4099,14633.5
"13002",32.45,4,2,1,8,17.8,10.4,2.3,4663,16366
"2B184",40.85,5,3,1,13.5,18.95,12.55,4.3,4212,14636
"2B043",49.55,5,3,1,13.3,18.7,12.95,4.3,4212,14636
"11269",32.15,5,2,1,10.2,20.5,12.1,5.3,3965,14346.5
"34289",33.2,5,2,1,9.9,20.1,11.4,3,4120,14757
"34168",40.25,5,2,1,10.35,20.85,11,2.7,4299,14539.5
"6153",60.8,6,3,2,-0.6,4.1,4.6,2,NA,NA
"13065",39.7,4,2,1,9.1,20.2,11.8,2.4,NA,NA
"83140",46.7,4,2,1,6.8,19.5,10.05,2,NA,NA
"4217",66,6,4,2,4.8,19.3,9.4,1.8,4529,14928
"66080",30,3,2,1,1.3,11.3,5,3.4,3137,12269.5
"65352",67.8,9,4,2,8.2,18.9,10.1,2,3156,12814
"15251",81.1,11,5,3,3.7,13.8,8.3,2.1,3336,12135
"15149",90.4,10,6,3,4.5,12.9,8.6,4.7,3413.5,13734
"41018",52.8,9,4,2,7.05,17.4,12,3.7,2825,11408
"33095",66.05,10,4,2,7.4,18.75,11,2,3171,12582
"33212",60.5,9,4,2,9.35,19.55,11.9,2.4,3192,12037
"40046",61.2,10,4,2,9.35,16.9,12.05,3.9,3541.5,13327.5
"40244",94.65,11,6,3,8.9,19.1,12.2,1.9,3102,12495
"6074",63.4,5,3,2,6.9,19.8,7.8,2.3,NA,NA
"6082",62.95,6,3,2,6.8,16.55,7.1,2.9,NA,NA
"30105",92.6,9,5,3,3.7,13.15,8.4,3,NA,NA
"4097",58.1,7,4,2,5.2,18.5,9.3,2.7,4490,16015
"66190",27.8,4,2,1,17.5,25.2,12.1,3.4,4055,14416
"34158",53.2,7,3,2,10.4,19.5,12.7,4.2,3965,14346.5
"34045",51.7,5,3,2,10.35,20.85,11,2.7,4299,14539.5
"30091",46.85,5,3,1,9.7,20.4,12.3,2.5,4205,15149
"34170",32.15,5,2,1,10.2,20.5,11,3.9,3965,14346.5
"11296",33.05,5,2,1,9.65,19.5,12.7,3.9,3965,14346.5
"2B030",81.25,8,5.5,3,13.5,18.95,12.55,4.3,4212,14636
"2B183",40.85,5,3,1,13.5,18.95,12.55,4.3,4212,14636
"11351",36.25,6,2,1,10.3,19.6,11.8,5.6,3965,14346.5
"2B314",48.4,6,3,2,9.45,18.4,8.9,2.7,NA,NA
"34025",48.05,3,2.5,2,8.9,19.7,11,2.7,4299,14539.5
"2A272",48.2,6,3,2,12.3,19.8,12.4,2,4333,15127
"2A048",37.6,5,3,2,12.2,19.65,11.8,1.5,4527,15479.5
"2B037",40.7,4,2,1,10.65,17,12.8,2.7,4212,14636
"34302",36.4,6,2,1,10.4,19.5,12.7,4.2,3965,14346.5
"7322",102,8,4,3,6.2,14.1,9.7,1.7,3275,12558
"2B170",74.3,6,3,2,13.6,18.7,13.4,6.3,4212,14636
"2B316",42.1,5,2,1,13.7,19.2,12.6,4.7,4352.5,15088.5
"34113",42.7,4,2,1,11.6,17.9,11.9,4.8,4104,14498
"7003",94.25,8,4,3,6.85,18.2,9.6,5.6,NA,NA
"34123",46.45,6,3,2,9.9,19,12,2.6,4690,15794
"2A269",47.7,9,3,1,12.1,20.6,12.2,3.1,4020,14625
"2B283",47.7,9,3,1,11.4,19.7,12.6,3.1,4020,14625
"34116",46.45,6,3,2,9.9,19,10.9,2.2,4690,15794
"34074",33.7,4,2,1,10.4,18.9,11.1,3.1,NA,NA
"11260",53.7,7,3,2,7.8,16.3,10.5,4.1,3389,14179
"34313",38.65,5,2,1,9.7,20.6,11.4,3.55,4120,14757
"66108",32.35,5,2,1,8.8,19.5,10.95,2.6,2808,11152
"34226",39.6,5,2,1,10.2,20.5,11,3.9,NA,NA
"2A254",86.55,9.5,6,4,7.6,17.3,9.45,2.2,4020,14625
"34225",28.5,2,2,1,9.5,19.5,11.1,3.1,4299,14539.5
"6132",70.6,6.5,4,2,8.5,19.8,10.5,1.5,NA,NA
"6013",72,6,3,2,6.25,16.3,7.9,2.3,NA,NA
"48172",57.5,5,3,2,3.1,13.55,9.2,3.4,3865.5,13845
"34190",38.1,6,2,1,9.65,19.5,12.7,3.9,3965,14346.5
"12094",86.9,10,5,3,7.45,18.9,9.65,3.4,3345,11451
"12226",86.9,10,5,3,7.45,18.9,9.65,3.4,3345,11451
"39086",120.75,12,7,5,4.15,16.95,9.5,1.6,2290.5,9134.5
"81004",28.2,5.5,2.5,1,7.9,18.6,11.1,2.4,3511.5,13241.5
"79280",49.45,9,3,1,7.6,19.45,11,3,3155,12212
"73019",84.6,9,5,3,5.8,16.6,5,0.9,NA,NA
"54305",54.05,10,4,2,5.5,15,9.6,2.8,2514,10589
"54490",54.05,10,4,2,5.1,14,9.4,3.3,2514,10589
"79168",49.45,9,3,1,7.8,17.05,11.25,2.4,3503,12672
"45092",53.8,9,4,1,6.15,16.3,10.7,2.4,2682,10494
"35152",61,10,4,2,10.1,21.6,11.2,2.8,2804.5,11303.5
"3004",75.5,11,5,2,7.1,16.25,11.1,2.2,2879.5,11666
"73211",126.35,12,7.5,5,6.75,17.8,6.2,1.7,3535,14737
"97417",293,18,12,9,20,26.6,21.6,3.3,3125,15440
"45032",58.5,10,4,1,7.9,19.4,10.7,3.1,NA,NA
"3006",96.7,11,6,3,7.1,15.9,11.1,3.4,2879.5,11666
"3217",54.1,9,4,1,7.5,16.8,10.5,2,3155,13063
"33300",62,10,5,2,8.55,18.2,12,2.6,4574,18429
"33422",65.25,10,4,2,8.1,19.7,11.9,1.5,3746,13644
"33238",39.7,7,3,1,8.6,19.2,12.1,1.7,3598,13230
"33229",35.95,5.5,2.5,1,6.9,18.35,11.85,4.1,3456,13175
"33104",75.5,11.5,6,2,8.25,19.4,12.05,2.4,3414,12457
"40332",89.4,11,5,3,8.55,19.25,12.5,2.7,3526,13848
"40167",75.15,10,5,2.5,6.75,18.45,12.1,2.2,2852.5,10829
"40149",62.6,9,4,2,6.95,17.35,11,2,3171,12582
"41043",54,9,3.5,1,7.35,16.7,11.6,2.4,2752,11041
"41130",49.3,9,3,1,7,15.4,11.5,3.7,2825,11408
"41186",52.5,9,4,1,11.1,22.4,11.3,3.1,2696,12125
"41087",57.6,10,4,1,7.65,16.1,11.9,3.1,2696,12125
"42326",67.4,10,4,2,3.3,9.55,8.15,4.7,NA,NA
"11170",24.5,4,2,1,13.15,20.8,12.1,5.3,NA,NA
"2B320",41,5,2,1,13.5,19.9,13.3,3.6,4020,14625
"34319",40.25,5,2,1,10.35,20.85,11,2.7,4299,14539.5
"2B201",44.2,5,3,1,10.7,18.4,13.3,3.6,4232,15515
"7323",65.45,7,3,2,9.5,20.2,11.4,1.7,3142,12768
"11315",30.5,4,2,1,10.4,19.5,11.2,4.5,3965,14346.5
"11386",34.4,6,2,1,9.9,19.4,10.5,4.1,3389,14179
"11009",49.75,8,3,1,9.7,18.7,11.4,4.7,3476,13610
"7258",72,9,4,2,3.4,11.3,8.3,NA,NA,NA
"84129",51,5,3,2,9.3,20.8,11.2,3.9,4377,14986
"11259",60.8,8,4,2,9.7,18.7,11.4,4.7,3476,13610
"2B059",26.6,4,2,1,7.9,21.6,11.4,2.6,4052,14420
"26318",52.5,6,3,2,4.9,18.55,9.3,1.8,3691,13659
"34103",48.7,3,2,1,8.9,19.7,11,2.7,4299,14539.5
"34003",30.4,4,2,1,11.6,19.55,12.9,3.2,4530.5,15158.5
"34019",76.95,7.5,4,2,7.9,18.4,10.5,3.2,NA,NA
"34181",40.25,5,2,1,10.35,20.85,11,2.7,4299,14539.5
"2B095",57.3,7,3,2,6.55,17.55,9.2,4,4052,14420
"2B290",39.3,5,3,1,8.75,19,12.6,4.7,4352.5,15088.5
"2B361",55.4,6,3,2,10.7,20.3,11.9,3.7,4352.5,15088.5
"34237",34,5,2,1,8.9,19.7,11,2.7,4299,14539.5
"30231",102,7.5,5,3,4.6,12.9,8.5,6.4,NA,NA
"48122",72,8,4,2,8.2,20.2,8.8,4.2,3282,11861.5
"48074",67.7,9,4,2,4.6,13.8,8.9,2.4,NA,NA
"34242",62.5,5,3,2,8,19.8,10.9,2.2,4380,14835.5
"83061",61.8,4,2.5,2,10,17.1,10.35,3.2,4468,14991
"66076",40.2,6,3,1,9.7,19.4,10.8,4.6,3286,13667.5
"66215",29.65,5,2,1,7.85,20.55,10.25,1.8,3286,13667.5
"66058",32.35,5,2,1,8.8,19.5,10.95,2.6,2808,11152
"84147",45,3,2,2,6.6,19.75,10.7,2.4,4650,15336
"13005",52.6,9,3,1,8.6,20.7,11.2,2.5,NA,NA
"2A038",38.8,5,2,1,11.15,20.6,12.4,2,4333,15127
"34020",38.1,6,2,1,9.65,19.5,12.7,3.9,3965,14346.5
"2B341",132.1,8,7,4,7.7,16.3,9.7,2.9,4232,15515
"66008",33.2,3,2,1,12.3,17.95,12.3,8,4055,14416
"11198",30.5,4,2,1,9.6,17.5,11.2,4.5,3476,13610
"11022",36.4,6,2,1,10.4,19.5,12.7,5.6,3965,14346.5
"66127",33.4,5,2,1,9.9,19.8,11.5,3.5,4099,14633.5
"2B355",46.5,5,3,1,9.7,18.3,12.8,2.7,4212,14636
"11016",56.8,7,3,2,9.7,18.5,11.7,4.9,3389,14179
"66014",29.25,4,2,1,10.8,19.45,11.4,4.5,4099,14633.5
"30009",85.7,6,5,3,5.9,16.6,9.55,3,NA,NA
"11018",50.45,8,3,1,9.2,17.9,11.4,4.7,3476,13610
"6162",67,6,3,2,7.6,19.1,9.1,1.5,NA,NA
"11276",31.7,3,2,1,8.55,17.65,10.5,2.1,3286,13667.5
"7112",105.1,9,5,3,6.85,18.2,9.6,5.6,NA,NA
"2A031",120.5,7,5,4,8.4,16.5,9.4,2.3,NA,NA
"48116",57.5,5,3,2,3.1,13.55,8.8,4.2,NA,NA
"4194",64.85,6,3,2,7.3,20,10.1,1,4156.5,14931
"6103",72,6,3,2,5.1,17.6,7.9,2.3,NA,NA
"7286",86.5,7,4,3,6.6,15.2,9.15,2.6,3297,12155
"6023",61.15,6,3,2,8.5,19.8,10.5,1.5,NA,NA
"26113",64.9,7,4,2,5.4,18.5,9.9,1.5,3519,12971
"12163",106.3,10,6,4,5.7,16.6,9.3,5.3,3138,12100
"12082",68.45,7,4,2,5.7,15.7,9.55,3.9,NA,NA
"12076",71.25,9.5,5,2,5.4,14.6,9.65,3.4,3345,11451
"46183",68.2,9,4,2,5.8,18.8,10.4,3.1,3493,13687
"18219",62,10,4,2,7.7,16.7,10.9,0.4,2061.5,9635
"81066",71.6,9,4,2,5.7,14,10.05,4.4,3575,13240
"58081",69.7,10,4,2,6.35,16.1,10.7,2.6,2877,12180
"17038",53,9,4,2,7.3,17.9,11.4,1.3,NA,NA
"17074",68.75,10,5,2,9.1,18.8,11.8,1.3,3273.5,11612.5
"47234",59.65,9,4,2,9.5,19.5,11.6,2.4,3234,13215
"33273",65.25,10,4,2,8.25,19.4,11.9,1.5,3746,13644
"2B281",81.25,8,5.5,3,13.3,18.7,12.95,4.3,4212,14636
"2B109",63.55,4.5,2,2,10.65,17,13.3,2.3,4212,14636
"6142",50.4,5,3,2,7.8,17.55,9.6,1.7,NA,NA
"48166",65.95,7,4,2,5.6,14.35,8.8,4.2,NA,NA
"48194",99.5,8,5,3,7.9,16.4,8.5,3.3,3865.5,13845
"84034",45.05,5,2,1,9.2,19.1,10.8,3,4448,15394
"6098",64.85,6,3,2,7.2,18.3,10.1,2.4,4156.5,14931
"2B159",40.2,4,2,1,13.5,18.95,12.55,4.3,4212,14636
"2B313",46.8,6,3,1,9.45,20.75,13.3,3.6,4212,14636
"34004",38.2,5,2,1,9.9,19.9,11,3.9,3965,14346.5
"34166",27.95,4,2,1,10.3,19.9,11.8,4,4120,14757
"66143",39.4,6,2,1,18.15,32.7,10.85,3.7,3286,13667.5
"66140",30,5,2,1,8.8,19.5,10.95,2.6,2808,11152
"11308",49.75,8,3,1,9.7,18.7,11.4,4.7,3476,13610
"11273",33.05,5,2,1,9.65,19.5,12.7,5.6,3965,14346.5
"11099",46.8,7,3,1,9.2,17.9,11.4,4.7,3476,13610
"83069",44,5,2,1,10.1,20.8,13.15,1.1,4166,15036
"83064",68.9,6,3,2,8.8,19.8,12.1,1.1,4166,15036
"13026",34.25,4,2,1,10.3,19.4,11.4,4.7,4653,15455
"13056",15.5,3.5,1.5,0.5,11.1,18.8,12.4,6,4653,15455
"66180",29.5,4,2,1,10.2,19.3,12.1,3.4,4055,14416
"66071",31.7,3,2,1,8.8,19.5,10.95,2.6,2808,11152
"11144",22.9,4,1,1,17.5,25.2,12.5,6.5,4055,14416
"48004",67.05,8,4,2,6.2,14.1,8.5,3.3,NA,NA
"34145",51.85,4,2,2,9.7,20.4,12.3,2.5,4205,15149
"34163",46.45,6,3,2,9.1,19.3,10.8,2.4,4690,15794
"11390",37.5,5,2,1,10.3,19.6,11.8,5.6,3965,14346.5
"34148",43,4,2,1,9.5,19.5,11.1,3.1,4299,14539.5
"2B009",38,5,2,1,13.5,19.9,13.3,3.6,4020,14625
"66106",66.5,5,3,2,10.5,19.3,11,3.5,2808,11152
"30181",57.3,5,3,2,7.1,19.6,11.1,2.5,NA,NA
"30141",46.45,5.5,3,1,9.85,20.1,11.1,4.8,4164,14547
"11162",60,8,4,2,11.1,23.8,11.9,3.7,3652,14069
"34285",39.45,4,2,1,9.9,20.1,11.4,3,4120,14757
"66164",29.25,4,2,1,10.8,19.45,11.4,4.5,4099,14633.5
"66212",27.8,4,2,1,10.2,19.3,12.1,3.4,4055,14416
"11148",33.65,5,2,1,10.3,19.6,11.8,5.6,3965,14346.5
"11361",55.8,8,4,2,9.2,17.2,11.9,3.7,3652,14069
"13118",38.45,4,2,1,7.2,19.6,10.8,2.7,4653,15455
"13097",39.7,4,2,1,9.65,19.95,11.1,5.1,4579.5,15856.5
"2B105",33.9,6,2,1,6.4,20,10.9,1.7,4232,15515
"2B238",45.6,6,2,1,6.4,20,10.9,1.7,4232,15515
"2B148",40.7,4,2,1,10.5,19.5,12.8,2.7,4212,14636
"2B116",33.9,6,2,1,10.7,18.4,10.9,1.7,4232,15515
"84030",43.6,5,2,1,7.9,20.1,10.6,2.4,4530,15051.5
"34073",27.95,4,2,1,10.3,19.9,11.8,4,4120,14757
"11286",30.5,4,2,1,9.6,17.5,11.2,4.5,3965,14346.5
"11410",46.8,7,3,1,9.6,17.5,11.2,4.5,3476,13610
"34291",98.2,10,5,3,4.65,13.3,9.3,5,3138,12100
"2B299",57.35,6,3,2,9.45,20.75,12.8,2.7,4212,14636
"34055",85.4,9,4,2,8.3,17.4,9.6,5.3,3138,12100
"2B140",48.4,6,3,2,7.9,21.6,11.4,2.6,NA,NA
"7018",106.5,7,5,3,2.8,13.95,8,4.2,3275,12558
"66192",56,7,3.5,2,1.3,11.3,6.9,3.6,4173,15741
"5164",50.9,5,2,1,4.7,16.2,7.5,2.5,4194,15022.5
"4193",55.5,7,4,2,-2.9,5,4.2,2.7,4194,15022.5
"30154",84.2,7,4,2,7.4,18,9.3,3,NA,NA
"30169",53,2,2,2,9.9,19.3,11,4,3851.5,14382.5
"6049",66.1,6,3,2,7.3,15.2,8.5,1.3,NA,NA
"43171",53,10,4,1,2.5,13.5,8.3,3,3281,12473
"73235",63.95,8,4,2,11,21.7,9.1,1.3,NA,NA
"12168",65.4,8,4,2,5.4,14.4,9.55,3.9,3450,12407
"43155",53,10,4,1,2.5,13.5,8.3,3,3281,12473
"81163",94.15,10,5.5,3,5.7,14,10.05,4.4,3575,13240
"16061",65.65,10,5,2,8.9,18.3,11.1,3.2,3168,11759.5
"16255",71.5,10,5,2,6.8,17.2,10.9,3.3,3172,12159
"45015",51.5,9,3,1,6.7,16.1,10.8,2,2434,10303
"97410",410.1,16,11,9,12.5,21.2,16.7,1.8,2773,14706
"31573",44.5,7.5,3,1,8.2,20.5,13,1.9,3455,13217
"31085",106.45,7.5,6,4,6.6,17.8,9.9,1.6,3285,12622
"31222",77.2,9,5,2,5.45,17.9,9.9,1.6,3285,12622
"15156",103.4,11,6,3,5.1,14.8,9.4,2.8,3464,12519
"15113",106,10.5,7,3,2.2,10.2,7.6,4.4,3288,12611
"97415",45.45,7,2,1,11.45,20,14.7,2,1778,11196.5
"24465",63.5,10,4,2,7.3,17.8,12,1.2,3260,12445
"65045",80.45,11,5,3,5.8,14.2,10.1,2,NA,NA
"2A019",70.5,7,4,2,12.2,19.65,11.8,1.5,4527,15479.5
"6146",62.95,6,3,2,8.4,16.5,10,3.95,NA,NA
"2A041",35.3,5,2,1,12.9,18.05,14.1,7.1,4333,15127
"6077",73.35,6,4,2,5.1,12.5,7.8,2.3,NA,NA
"5038",68.45,8,4,2,-0.6,10.8,5.7,1.4,3419,13859
"26354",89.9,9,5,3,3.9,16.35,9.05,2.4,3506,13009
"7141",81.3,7,4,3,8,14.9,9,5.6,3968,13651
"48165",94.3,9,6,4,3,12.4,8.2,3.7,4299,14771
"48020",80.55,8,4,2,4.6,12.9,8.5,6.4,NA,NA
"30190",103.5,7,4,3,8.7,17.9,9.3,1.6,NA,NA
"13039",35.8,4,2,1,9.9,19.3,11.1,5.1,4579.5,15856.5
"6157",59.1,6,3,2,11.4,20.25,13.2,1.3,4473,15023
"34183",26.55,4,2,1,9.5,19.5,11.1,3.1,NA,NA
"34135",23,5,2,1,9.5,19.5,11.8,4,4299,14539.5
"13098",38.7,4,2,1,9.8,19.4,12,5.1,4653,15455
"83101",50.85,5,3,2,12.1,18.4,12.7,4.8,3757,13489.5
"4020",61.3,7,4,2,2.95,17.05,9.3,2.7,4490,16015
"5101",66.8,8,4,2,-3.8,2,3.3,1.6,3867,14522
"34214",34,5,2,1,8.9,19.7,11,2.7,4299,14539.5
"5108",53.8,7,3,2,4.7,16.2,7.5,2.5,4194,15022.5
"66053",30.95,4,2,1,12.3,17.95,12.3,8,4055,14416
"34031",30.8,4,2,1,10.3,19.9,11.8,4,4120,14757
"34013",48.7,3,2,1,9.7,20.6,11.4,3.55,4120,14757
"4160",50.55,5,3,2,6.5,16.75,9.4,2.5,4602,16072
"48100",54.9,7,4,2,5,14.9,8.5,3.3,NA,NA
"6050",66.1,6,3,2,7.3,15.2,8.5,1.3,NA,NA
"2A103",70.55,6,4,2,11.2,19,12.9,3.2,4527,15479.5
"2A198",53.4,5,3,2,6.5,16.5,10.25,2.5,4352.5,15088.5
"2A323",57.05,6,3,2,11.2,19,11.8,1.5,4527,15479.5
"6156",80.65,7,4,3,5.1,17.6,7.9,2,NA,NA
"2A215",41.8,5,3,1,10.3,20.5,13.1,4.4,4333,15127
"13072",48.75,5,3,2,7.7,20.5,10.7,2.3,NA,NA
"6034",47.1,5,3,2,10.8,20.6,11.2,2.9,4473,15023
"6130",70.2,6,3,2,6.6,16.6,9.2,1.3,NA,NA
"30189",74.5,4,3,2,9.5,19.5,10.7,3.3,4324.5,14620
"30351",51,5,3,2,8.5,20.1,11.1,3.9,4377,14986
"4218",87.85,8,5,3,2.1,17.85,8.1,1.4,NA,NA
"66138",29.25,4,2,1,10.8,19.45,11.4,4.5,4099,14633.5
"66024",34.75,5,2,1,9.55,20.9,11.8,3.5,2808,11152
"13047",35.8,4,2,1,9.9,19.3,11.1,5.1,4579.5,15856.5
"26022",71,6,4,2,2.4,15.95,8.5,2.4,3895,13933
"2A249",38.8,5,2,1,11.15,20.6,12.4,2,4333,15127
"2A017",37.6,5,3,2,10.9,21.5,12.9,3.2,4527,15479.5
"2A001",58.8,6,3,2,9.7,19.75,12.9,3.2,4527,15479.5
"66130",49.15,7,3,1,3.9,14.7,7.15,2.8,4173,15741
"66003",54.2,6,3,2,10,20.6,10.9,3.7,2808,11152
"83119",50.85,5,3,2,12.7,18.8,13.2,3.8,3757,13489.5
"13077",38.7,4,2,1,9.8,19.4,12,6,4653,15455
"30081",49.9,5,3,2,9.85,20.1,11.1,4.8,4164,14547
"6101",64.85,6,3,2,6.6,13.9,8.2,2.9,4156.5,14931
"30258",38.75,3,2,1,9.5,19.7,10.85,3.6,3851.5,14382.5
"2B277",64.5,7,4,2,7.9,18.9,12.6,3.1,4020,14625
"7251",73.3,4.5,3.5,2,6.85,18.2,9.6,2.6,3297,12155
"34076",36,4,2,2,9.7,20.6,11.4,3.55,4299,14539.5
"4024",58.1,7,4,2,2.55,15.8,9.3,2.7,NA,NA
"2B039",42.3,5,2,1,9.7,18.3,11.4,2.3,4212,14636
"4171",74.75,6,4,3,4.45,19.3,9.1,3.3,NA,NA
"84084",75.5,8,6,3,7.4,18.7,9.8,2.4,NA,NA
"84050",46.75,5,3,1.5,8.1,18.05,10,4,4448,15394
"2B292",33.9,6,2,1,6.4,20,10.9,1.7,4232,15515
"13073",48.75,5,3,2,7.7,20.5,10.4,2.3,NA,NA
"34096",44.4,5,3,1.5,8.2,18.8,10.5,3.2,4299,14539.5
"7086",61.9,8,3,2,7.3,16.7,10.5,3.1,3090.5,12678
"26116",56.05,6,3,2,9.1,19.7,11.2,3.4,4029,14215
"2A345",57,7.5,3,2,11.2,19,11.8,1.5,4527,15479.5
"13055",19.7,2.5,1.5,0.5,11,19.8,11.7,2.9,4663,16366
"2B301",48.4,6,3,2,9.45,18.4,8.9,2.7,NA,NA
"83142",64.7,6,4,2,5.7,16.1,9.1,3.3,NA,NA
"34211",57.95,6,3,2,8.2,18.8,10.5,3.2,3138,12100
"6066",63.8,5,3,2,6.9,16.4,9,3.95,NA,NA
"34213",42.7,4,2,1,11.6,17.9,11.9,4.8,4104,14498
"4008",83.4,8,5,3,4.8,16.8,7.7,1.4,NA,NA
"4148",62.5,6,4,2,2.4,16.3,7.7,1.8,NA,NA
"48008",78.65,10,5,2,2.25,11.55,7.3,7,3282,11861.5
"4120",74.6,6.5,4,3,-1.8,4.9,4.3,2.3,NA,NA
"30085",51.1,5,3,2,8.35,18.6,11.1,3.1,4324.5,14620
"7139",94.25,8,4,3,6.85,18.2,9.6,2.6,3297,12155
"13038",42.95,4,2,1,10.2,20.2,11.4,3.3,4579.5,15856.5
"4139",63.85,6,4,2,4.9,20,10.9,1.8,4433,13701
"26123",71.5,7,4,2,5.1,15,8.5,1.3,3396,11939
"48130",71.55,7,4,2,5.6,15.5,8.5,6.4,NA,NA
"48096",67.7,9,4,2,5.3,14.4,8.4,3,NA,NA
"66066",49.15,7,3,1,3.6,12.6,6.85,2.8,4173,15741
"66011",28.95,4,2,1,9.5,19.2,11.8,4.5,4099,14633.5
"43082",55.9,8,4,2,4.7,17.5,8.3,2.1,3281,12473
"46176",81.9,10,5,3,6.6,20.3,10.4,3.1,3493,13687
"23062",66.9,11,4,2,8.75,18.95,10.75,1.8,2711,10861
"12025",58.5,8,4,2,5.7,16.6,10.6,3.3,3474,13343
"12228",68.5,9,5,2,7.5,17,10.4,2.5,3474,13343
"40243",77.6,10,5,3,7.9,19.75,12,1.9,3244,12574
"47215",80.5,11.5,6,3,8.25,19.65,11.4,2,3286,13089
"7012",53,5,3,2,4.5,12.85,8.5,3.7,3206,12438
"83059",68.9,6,3,2,8.8,19.8,12.1,1.1,4166,15036
"2B055",52.3,6,3,2,9.7,18.3,12.3,2.3,4212,14636
"30042",93,6,4,2,7,19.2,10.4,2.8,3865.5,13845
"34232",39.6,5,2,1,10.4,18.9,11.1,3.1,3138,12100
"34036",36,4,2,2,10.1,18.9,10.7,4.7,NA,NA
"2A284",54.05,6,3,2,11.15,20.6,11.4,1.8,4527,15479.5
"13071",40.9,3,2,1,10.3,19.4,11.4,4.7,4653,15455
"34121",78.8,7,3,2,6.7,13.6,9.9,7.3,NA,NA
"48115",103.9,8,5,3,4.6,12.9,8.5,6.4,NA,NA
"2B318",51.85,5,3,2,9.45,20.75,12.8,2.7,4212,14636
"34332",27.95,4,2,1,10.3,19.9,11.8,4,4120,14757
"66228",22.75,3,2,1,10.8,19.45,11.4,4.5,4099,14633.5
"48162",65.95,7,4,2,5.6,14.35,8.8,4.2,NA,NA
"66065",28.95,4,2,1,10.2,19.3,12.1,3.4,4055,14416
"34200",55,6,3,2,10.35,20.85,10.5,3.2,4299,14539.5
"6062",70.6,6.5,4,2,6.5,17.4,9.1,1.5,NA,NA
"38140",86.5,8,5,3,6.15,13.05,6.6,1.5,3097,11811
"39557",120.75,12,7,5,4.15,16.95,9.5,1.6,2290.5,9134.5
"39478",190.9,14,9,5,1.1,13.9,8.6,3,3674,12938
"39289",120.75,12,7,5,4.15,16.95,9.5,1.6,2290.5,9134.5
"43012",50.5,7,3,1,5.7,14.25,8.9,3.4,3168,11986
"21037",68.65,10,5,2,6.4,16.3,9.7,4.1,2964,11154
"65428",80.45,11,5,3,6.4,16.1,10.1,2,NA,NA
"65032",80.45,11,5,3,5.8,14.2,10.1,2,NA,NA
"55574",71.4,11,5,2,4.5,14.4,9.5,2.5,2760,11165.5
"39377",59.7,7,5,2,6.1,15.8,10.3,2.3,3021,11776
"21694",73.75,12,6,2,6.7,14.7,10.2,1.6,NA,NA
"21309",64.4,11,4,2,5.3,17.3,10.7,2.95,2850,11227
"52205",74.45,11,5,2,6.7,15.5,10.4,1.6,2165,9082
"49154",45.3,8,3,1,8.8,21.05,11,3.1,3182,12778
"49180",47.65,9,3,1,8.15,17.55,11,2.7,3503,12672
"58087",68,10,4,2,5.9,16.4,10.4,2,2993.5,12426.5
"31334",51.7,8,4,2,8.2,18.8,11.5,3.3,3522.5,13496
"31451",65.2,8,4,2,9.5,17.15,11.4,4.6,3605,15422
"81016",95,11,6,3,8,17.6,12,2.1,3031,12325.5
"23067",82.25,11,6,2,3.2,13.8,9.3,1.8,2978.5,12171
"58226",72.75,11,5,2,6.9,16.9,9.6,3.3,NA,NA
"12090",66.3,9,4,2,5.7,15.3,9.9,3.5,3672.5,13495
"79153",64,10,5,2,7.4,17.8,12.6,2.9,3275,12665.5
"50403",65.25,11,4,2,8.6,15.45,11.3,5,2708,11295.5
"3055",60.8,10,4,2,6.7,15.7,10.1,2,3155,13063
"64255",71.9,7.5,6,3,10.5,20.4,11.9,3.2,3203,12615
"64276",108.3,12,7,3,6.6,17.1,12.9,1.9,2665,11353
"64124",71.9,7.5,6,3,10.5,20.4,11.6,1.4,2804.5,12320.5
"64504",98.5,9,5.5,4,10.8,18.5,12.6,4.2,3203,12615
"64477",124.4,12,7,4,6.95,16.25,11.6,1.4,2804.5,12320.5
"64342",100.85,11,6,3,9.4,19.4,8.35,5.9,2925.5,11625.5
"64218",108.9,11,6,4,9.4,19.2,11.6,1.4,2804.5,12320.5
"64298",127.1,12,7,5,8.8,16.55,8.35,5.9,2925.5,11625.5
"24222",55.75,8.5,4,2,7.1,18.2,12,1.3,3272.5,12691.5
"24218",86.6,11,6,3,7.6,16.1,10.8,2.5,3312,12049
"33498",35.95,5.5,2.5,1,8.2,20,11.95,2.7,3526,13848
"33251",80.95,11.5,5.5,2.5,7.3,19,11.8,2.2,2852.5,10829
"47186",51.2,8,4,2,8.8,19.8,12.1,1.6,3749.5,14024
"38294",66.5,9,4,2,7.9,16.8,10.2,3.2,2946,11810
"1037",131.6,11,7,5,7.9,17.7,10.75,1.1,3314,13004
"41275",51.5,9,4,1,11.1,22.4,11.3,3.1,2696,12125
"41041",61.4,10,4,2,7.85,16.9,11.7,3.1,2696,12125
"41250",58.5,9,3,1,7.65,16.1,11.9,3.1,2696,12125
"41248",59.6,10,4,2,8.1,15.8,11.7,3.1,2696,12125
"41088",48.5,9,3,1,7.85,16.9,11.3,3.1,2848.5,11281.5
"4074",58.3,6.5,4,2,5.2,18.5,9.3,2.7,4529,14928
"7077",87,6,4,3,8.1,15.2,9.9,3.8,5775,23126
"34007",37,5,2,1,9.9,19.9,11,3.9,3965,14346.5
"6148",61.5,6,3,2,10.6,18.5,11.2,1.3,NA,NA
"2B002",38.5,5,2,1,10.7,18.4,12.6,3.1,4020,14625
"34093",59.7,6,3,2,7.9,18.4,10.5,3.2,4299,14539.5
"2B050",42.6,5,3,1,10.7,20.3,11.9,3.7,4352.5,15088.5
"13117",34.25,4,2,1,10.3,19.4,11.4,4.7,4653,15455
"83003",60,6,3,2,5.7,16.1,9.1,3.3,4404,14911
"83082",60,6,3,2,5.7,16.1,9.1,3.3,NA,NA
"4045",47.5,5,3,2,7.3,18.8,10,2.8,NA,NA
"83137",39.45,4,2,1,11.7,19.4,12.6,4.5,4698,15592.5
"34095",42.7,4,2,1,10.95,19.9,12,2.6,4690,15794
"4004",50.6,5,3,2,7.4,18.3,9.4,3.2,4308,14970
"48065",49.25,7.5,3,2,5.3,14.4,8.5,6.4,NA,NA
"83153",39.45,4,2,1,11.3,17.8,12.5,6.2,4698,15592.5
"34015",40,6,2.5,1,9.9,19.9,11,3.9,NA,NA
"34268",36,4,2,2,10.1,18.9,10.7,4.7,NA,NA
"66156",61.7,8,4,2,6.9,16.15,10.25,1.8,3137,12269.5
"4113",47.5,5,3,2,5.2,18.5,9.3,2.7,4529,14928
"84035",44.3,5,3,1,8,19.2,11.05,5.1,4448,15394
"34056",30.8,4,2,1,9.9,20.1,11.4,3,4120,14757
"5123",75.5,6,4,3,5.6,17.4,8.1,2.8,4381.5,15482
"30093",71.5,5,3,2,8,20.7,10.1,1.6,NA,NA
"83107",46.5,4,2,1,9.65,20.6,12.5,1.7,3757,13489.5
"13103",38.2,4,2,1,8.3,19.3,10.8,3.7,NA,NA
"13106",40.9,3,2,1,10.8,19.2,11.5,2.9,4663,16366
"2B222",52.55,7,3,2,9,17.05,11.4,1.7,4232,15515
"34329",32,3,2,1,9.5,19.5,11.8,4,4120,14757
"34017",39.45,4,2,1,9.9,20.1,11.4,3,4120,14757
"34205",82,8,4,2,6.7,13.6,9.9,7.3,NA,NA
"26300",71.5,7,4,2,5.1,15,8.5,1.3,3396,11939
"34308",54.3,6,3,1,8.2,18.8,10.5,3.2,3138,12100
"2A326",60.5,6.5,3,2,8.5,17.3,9.4,2.3,4527,15479.5
"66134",34.75,5,2,1,9.5,19.2,11.8,3.7,2808,11152
"66182",27.8,4,2,1,10.2,19.3,12.1,3.4,4055,14416
"34210",38.65,5,2,1,9.7,20.6,11.4,3.55,4120,14757
"84089",75.5,8,6,3,7.4,19.9,10.7,2.3,NA,NA
"4144",74.75,6,4,3,7.8,19.3,12.75,1.4,NA,NA
"66168",44.55,5,2,1,9.55,20.9,11,3.5,4055,14416
"66224",27.8,4,2,1,10.2,19.3,12.1,3.4,4055,14416
"7098",85,8,4,3,6.3,15.1,9.6,2.6,3297,12155
"6070",66.1,6,3,2,5.8,12.4,7.9,3.4,NA,NA
"4204",74.75,6,4,3,5.75,23.65,7.75,1.6,NA,NA
"7121",79,10,5,2,2.1,10.5,8,4.2,3275,12558
"48198",67.05,8,4,2,6,15.9,8.5,3.3,NA,NA
"48015",81.05,8,4,3,6,15.9,9.7,1.5,NA,NA
"48061",65.95,7,4,2,5.6,14.35,8.8,4.2,NA,NA
"43246",55.35,8,3,2,4.15,17.25,10.4,3.4,NA,NA
"82131",60.7,8,4,2,14.1,25.4,12.6,2.4,3427,13114
"2305",58.85,10,4,1,6.6,15.9,10.5,2.6,2779,11926.5
"82187",69.4,9,4,2,7,19.4,11.1,2.3,3239.5,12941.5
"89021",64.45,10,5,2,7.25,15.9,10.4,2.4,NA,NA
"58107",83.6,12,6,2,6.6,16.2,9.1,2.9,2838,11024
"46072",53.8,8,3,1,7.6,17.6,10.6,2.3,3360,12556
"43156",65.8,9,4,2,1.9,9.2,7.3,4.2,3275,12558
"58270",67.25,10,5,2,6.6,15.6,10.5,2.4,2799,11108
"89044",63.1,10,4,2,6.9,16.2,10.4,2.4,NA,NA
"89419",57,9,4.5,2,7.45,16.45,10.6,2.1,2780,11271.5
"3155",52.6,9,4,1,6,16.7,10.5,2.5,3123,12324
"45315",52.5,9,3,1,6.6,17.65,10.5,2.1,3041,11535
"45098",42,7,2.5,2,6.4,15.7,10.2,4.1,2841,11259.5
"77186",57.45,10,4,1,5.6,16.7,10.35,2.2,2688,10990
"87064",88.65,12,6,3,7.5,15.7,9.8,2.5,2987.5,11836
"97408",47,6,3,1,14.8,23.9,18.9,1.1,2759,13726
"31581",54.1,9,4,2,4.6,12.4,12.5,2.3,3593,13187
"79246",67.9,9,4,2,8.7,18.4,11.4,2.9,3275,12665.5
"79154",64,10,5,2,7.4,17.8,12.6,3,3290,12257
"15250",98.8,12,6,3,5.5,14.8,8.95,2.1,3110,12107
"24485",66.8,11,5,2,7.7,17.5,11,2.4,3642,12836.5
"24294",67.5,11,4,2,7.3,17.8,12,1.2,3402.5,12764.5
"64067",84.4,10,5,3,8.8,20.4,11.8,2.1,3118.5,12813
"64223",122.8,11,7,4,5.9,14.3,8.5,4.1,2870,11907.5
"64559",102.6,8,5,2,9.6,21.4,12.05,1.5,2940,11601
"40296",79.1,11,5,3,10.75,20.35,11.7,2.7,3464,12950.5
"40319",80.2,10,5,2,6.95,20.3,11.9,2,3302,13251
"40006",75.3,10,5,2,7.9,19.6,11.9,2,3302,13251
"40060",75.15,10,5,2.5,6.75,18.45,12.1,2.2,2852.5,10829
"33029",39.7,7,3,1,6.95,17.2,11.8,2.1,3557,12713
"33202",80.95,11.5,5.5,2.5,6.85,20.15,11.8,2.2,2852.5,10829
"33233",53,9,4,2,7.4,18.6,11.4,1.3,3236,12598
"48098",103.9,8,5,3,4.6,12.9,8.5,6.4,NA,NA
"2B315",45.6,6,2,1,6.4,20,10.9,1.7,4232,15515
"30089",44.5,3,2,2,10.2,20.2,11.4,3.3,3442,6978
"34197",48.7,3,2,1,10.35,20.85,11,2.7,4299,14539.5
"26200",71,6,4,2,2.4,15.95,8.5,3.4,3895,13933
"2B242",46.8,6,3,1,9.45,20.75,12.8,2.7,4212,14636
"7315",132.9,7,4,3,7.55,16,9.5,1.7,3275,12558
"2B224",81.25,8,5.5,3,13.5,18.95,12.55,4.3,4212,14636
"4094",40.4,5,3,1,6.3,18.3,9.6,2.9,4308,14970
"4199",71,6,4,2,4.9,20,10.9,2.4,3895,13933
"2B145",41,5,2,1,9.45,20.75,12.8,2.7,4212,14636
"2B192",46.5,5,3,1,9.7,18.3,12.8,2.7,4212,14636
"66119",61.7,8,4,2,6.9,16.15,9.4,3.2,3137,12269.5
"5055",68,7,4,3,2.7,16.5,8.2,1.9,3210,12110
"30129",72.95,6,3,2,7,19.2,10.4,2.8,3865.5,13845
"30339",103.5,7,4,3,6.8,17.8,9.3,10.3,NA,NA
"2B275",54.9,7,3,2,9,17.05,10.9,1.7,4232,15515
"30017",88.1,7,4,3,5.9,16.6,9.55,3,NA,NA
"13081",34.25,4,2,1,9.6,20.5,11.4,4.7,4653,15455
"2B051",52.55,7,3,2,9,17.05,10.9,1.7,4232,15515
"7115",66.25,6,3,2,7,19.75,11.1,2.4,3968,13651
"13033",34.25,4,2,1,10.3,19.4,11.4,4.7,4653,15455
"4170",64.85,6,3,2,7.3,20,10.1,3,NA,NA
"4013",67.9,6,4,3,6.8,18.3,9.2,3.3,4529,14928
"66017",29.5,4,2,1,10.2,19.3,12.1,3.4,4055,14416
"66172",29.25,4,2,1,10.8,19.45,11.4,4.5,4099,14633.5
"66093",44.55,5,2,1,10.5,19.3,11,3.5,4099,14633.5
"66176",27.8,4,2,1,10.2,19.3,12.1,3.4,4055,14416
"66049",45.2,5,3,1,10,20.6,10.9,3.7,2808,11152
"66015",34.75,5,2,1,9.55,20.9,11.8,3.5,2808,11152
"2B063",61.6,8,4,2,9.45,20.75,10.9,1.7,4232,15515
"48178",57.5,5,3,2,12.7,24.2,9.2,3.4,3865.5,13845
"17240",68.75,10,5,2,7.3,17.9,11.8,2.8,3273.5,11612.5
"87150",73,10,5,2,6.3,17,10.5,2.4,3205,12263
"89368",62.35,10,4,2,5.7,15.6,10.6,2.2,2799,11108
"63006",89.7,11,6,3,2.95,11.9,8.3,3.3,3288,12611
"12155",77,9,5,2,4.8,15.3,9.55,3.9,3450,12407
"33436",80.95,11.5,5.5,2.5,7.3,19,11.8,2.1,3557,12713
"33376",74.75,10,5,3,8.25,19.4,12.1,3.1,3396,12877.5
"34040",59.7,6,3,2,10.3,19.6,10.5,3.2,4299,14539.5
"34092",38.2,5,2,1,10.2,20.5,11,3.9,3965,14346.5
"6163",65.15,6.5,4,2,7.6,19.1,9.1,1.5,NA,NA
"48075",72,8,4,2,1,6.5,8.2,2.7,3282,11861.5
"48168",60.25,8,4,2,7.85,20.2,8.2,3.3,3506.5,12843
"84079",55,6,3,2,4.15,16.3,8.5,2,3410,12960
"7187",94.15,7,4,3,8,14.9,9,5.6,3968,13651
"5077",52.95,7,4,2,-2.5,3.5,4,2.5,3419,13859
"2B213",48.3,6,3,1,10.7,18.4,10.9,1.7,4232,15515
"34206",26.55,4,2,1,9.5,19.5,11.1,3.1,NA,NA
"13007",117.25,5,4,3,7.3,21.1,14.2,7.8,NA,NA
"66174",30,5,2,1,8.8,19.5,10.95,2.6,2808,11152
"66148",30.95,4,2,1,12.3,17.95,12.3,8,4055,14416
"83124",61.75,6,3,2,7.1,19.75,10.1,1.9,NA,NA
"2B150",42.1,5,2,1,10.7,20.3,11.9,3.7,4352.5,15088.5
"30193",56.95,5,3,2,8.3,21.2,11.1,2.5,4324.5,14620
"2A006",37.6,5,3,2,10.9,21.5,12.9,3.2,4527,15479.5
"2B190",39.3,5,3,1,8.75,19,12.6,4.7,4352.5,15088.5
"66121",32.35,5,2,1,9.2,20.1,11.2,3.1,2808,11152
"66012",29.25,4,2,1,10.8,19.45,11.4,4.5,4099,14633.5
"34328",32.9,4,2,1,8.2,19.7,10.95,2.2,4120,14757
"34180",47.3,5,3,2,9.7,20.6,11.4,3.55,4299,14539.5
"2A209",57.05,6,3,2,11.2,19,11.8,1.5,4527,15479.5
"6073",66.55,6,4,2,-0.6,8.15,4.6,2,4156.5,14931
"2B235",39.3,5,3,1,8.75,19,12.6,4.7,4352.5,15088.5
"2B333",41.15,5,2,1,10.6,20.4,12.3,2.3,4212,14636
"66002",28.95,4,2,1,10.2,19.3,12.1,3.4,4055,14416
"2A200",117,9,5,3,8.4,16.5,9.4,2.3,4020,14625
"2B289",42.25,5.5,2.5,1,6.9,20.3,11.2,1.4,4052,14420
"2B343",41,5,2,1,10.5,19.5,12.8,2.7,4212,14636
"34144",65.8,7,3,2,7.9,18.4,10.5,3.2,NA,NA
"15081",120.7,9,7,5,10.8,22,7.6,4.4,3464,12519
"15045",74.7,10,5,2,4,12.6,8.4,3.2,3336,12135
"21582",58.5,9.5,4,2,6.4,16.3,10.2,2.5,3159.5,12751
"46040",96,7,6,3,5.8,18.8,10.7,2.8,3489,12601.5
"81243",74.4,9,5,2,7.4,18.6,11.1,1.7,3239.5,12941.5
"81325",71.6,9,4,2,8,17.6,12,2.1,3031,12325.5
"81073",49,8,3,2,8.75,18.8,11.5,3.6,3511.5,13241.5
"15106",103.35,11,6,3,4.5,12.9,8.6,4.7,4299,14771
"58102",52,9,4,1,7.1,17.25,11,2.4,2799,11108
"58304",59.8,9,4,2,5.5,16.9,10.5,2.3,2877,12180
"46079",75.5,9,5,2,7.1,17.35,10.7,2.8,3489,12601.5
"54244",41.4,8,3,1,4.4,16.2,10.1,2.8,2725,11344
"81027",91,10,5,3,9.5,17.15,12,2.1,3031,12325.5
"43157",47,7,3,1,6,16.5,8.45,2.6,3126,12069
"54156",64.5,10,4,2,5.6,15.7,10.1,2.3,3371,12129
"42021",40.4,6,3,1,6.3,17.7,10.7,0.7,3168,11986
"35211",52.4,10,4,1,7.6,16.9,11.5,2.8,2902,11585
"60182",55.6,10,4,1,6.8,16.2,10.5,3,2442,10241.5
"97606",72.4,8,4,2,22.8,31,28,1.3,4374,19303
"97603",72.4,8,4,2,23.9,30.2,28,1.3,4374,19303
"27209",63.15,11,4,2,10.2,20.9,10.9,2.4,2868,11377.5
"97423",54.05,6,3,2,10.6,18.9,17.3,1,2589.5,13427
"56233",61.5,9,4,2,8.6,16.6,12.6,1.4,2834,11673
"56054",61.5,9,4,2,12.2,18.65,13.8,3.5,2834,11673
"56132",64.4,11,4,2,7.8,16.1,11.1,3.6,2850,11380
"56126",63.5,10,4,2,8.3,16.4,11.6,2.5,3239,11946
"61413",43.1,9,3.5,1,5.5,15.65,10.3,1.4,3047,11259.5
"61117",56.05,10,4,1,6.35,15.1,10.4,3,2563,10618.5
"61475",63.45,11,4,2,7.25,15.2,10.5,4.2,3581.5,14848
"61435",58.8,11,4,1,6.2,14.9,10.3,3.3,2736.5,11785.5
"61230",60.3,10,4,1,7.75,19.35,10.6,2.1,2929,10926
"61346",64.25,12,5,2,7.75,16.25,10.75,2.6,2810,10670
"61397",56.05,10,4,1,6.35,15.1,10.4,3,2563,10618.5
"61490",43.1,9,3.5,1,6.5,15.8,10.5,3.2,3047,11259.5
"61040",56.25,11,3,1,5.9,15.8,10.4,3,2630,11696
"61329",63.1,10,4,2,7.2,16.1,12.7,4,3581.5,14848
"61145",64.65,11,5,1,7.8,20.9,11,3.3,2630,11696
"61407",69.35,11,5,2,7.1,15.2,11.55,3,2630,11696
"61026",60.3,10,4,2,6.7,16.2,10.6,4,3581.5,14848
"61263",56.05,10,4,1,6.7,16.2,10.4,3,2563,10618.5
"61206",57.9,10,4,1,6.2,15.2,10.3,3.3,2736.5,11785.5
"61020",55.35,10,4,1,9.2,21.9,12.75,3.05,3047,11259.5
"61092",49.9,10,4,1,6.2,14.9,10.3,3.3,2736.5,11785.5
"61460",63,11,4,2,7.1,14.95,11.15,2.2,3122,11491
"61447",69.35,11,5,2,6.1,15.15,10.4,3,2630,11696
"61037",62,10,4,2,7.2,16.1,12.7,4,3581.5,14848
"61061",62.9,11,5,2,6.2,16.2,10,2.1,2929,10926
"61418",77.7,12,5.5,2,6.2,15.2,10.5,4.2,3581.5,14848
"61429",82,13,7,1,6.2,15.2,10.3,3.3,2736.5,11785.5
"61440",53.95,10,4,1,6.2,14.9,10.3,3.3,2736.5,11785.5
"61067",72.9,12,5,2,7.1,14.6,10.6,4,3581.5,14848
"61461",70.85,11,5,2,6.8,15.1,11.15,2.2,3122,11491
"61240",57,11,4,1,7.35,17,10.3,1.4,3047,11259.5
"61024",81.4,12,5,2.5,7.1,15.7,10.4,3,2630,11696
"61486",87.45,13,6,3,6.9,14.3,10.4,3,2630,11696
"61158",70.55,10,5,2,6.8,15.2,11.1,3.05,2792,11825
"61050",77.7,12,5.5,2,7.75,19.35,10.6,2.1,2929,10926
"61248",59.7,11,4,2,6.7,15.95,11,3.3,2525,10864.5
"61309",63.1,10,4,2,6.8,15.55,10.6,2.1,2929,10926
"61421",70.7,11,5,2,7,15.5,11,3.3,2630,11696
"61375",52.5,10,4,1,5.8,14.7,12.75,3.05,3047,11259.5
"61081",56.2,10.5,4,1,6.6,15.4,10.9,2.2,3122,11491
"61457",54.9,9.5,4,1,6.2,14.9,10.3,3.3,2736.5,11785.5
"61445",56.7,10,4,2,6.1,15.15,10.4,3,2630,11696
"61193",89.7,14,6,3,6.2,14.9,10.3,3.3,2736.5,11785.5
"61234",56.05,10,4,1,6.35,15.1,10.4,3,2563,10618.5
"61002",57,11,4,1,5.5,15.65,10.3,1.4,3047,11259.5
"61244",63.5,11,4,2,7.1,14.6,10.5,4.2,3581.5,14848
"12225",49.5,5.5,2.5,1.5,6.4,14.6,9.2,4.9,3426,13265
"12291",54.2,8,3,2,6.4,14.6,9.2,4.9,3426,13265
"38545",59.7,8,4,2,7,19,6.5,1.5,3342,12498.5
"12003",89.55,10,5,3,6.6,17.5,10.7,2.3,3383.5,12351.5
"12037",68.5,9,5,2,6.2,14.3,10.4,2.5,3474,13343
"38527",93.4,9,6,3,-3.7,4.7,3.8,1.9,3938,14601
"65295",92.15,10,5,3,12.7,23.5,4.4,1.5,NA,NA
"79111",64,10,5,2,7.4,17.8,12.6,1.9,3032,11716
"79195",66.5,10,4,2,7.6,19.45,11,3,3155,12212
"79016",47.25,8,3,1,7.5,17.3,11.1,3.5,3078,12156
"47039",64,8,4,2,8.2,19.4,11.6,1.8,2918.5,11773
"24354",67.5,11,4,2,8,18.5,11.4,2.6,3402.5,12764.5
"24273",63.6,9,4,2,8.35,18.2,11.1,2.4,3398,12700
"24165",67.5,11,4,2,7.3,17.8,12,1.2,3402.5,12764.5
"40053",56.9,8,5,2,8.1,19.3,11.7,2.3,3171,12582
"40287",66.4,10,4,2,8.4,18,11.9,3.1,3534,13069
"40307",78.7,11,5,2,6.75,18.45,12.1,2.2,2852.5,10829
"40142",77.6,10,5,3,7.9,19.75,12,1.9,2949,12075
"40087",61.15,9,4,2,7.6,19.2,11.7,2.1,2918.5,11773
"40123",94.65,11,6,3,8.9,19.1,12.2,1.9,3102,12495
"40217",82.1,10.5,5,2,9.35,16.9,12.05,3.9,3541.5,13327.5
"64233",55.2,9,4.5,2,14.35,24.9,11.2,1.8,3290.5,12725.5
"64217",100.2,11,6,4,6.9,19.2,12.9,1.9,2665,11353
"33021",60.5,9,4,2,7.8,18.85,12.1,2,3192,12037
"33348",62,10,5,2,7.9,18.1,12.2,2.6,4574,18429
"33544",60.2,9,4,2,8.6,17.6,12.2,3.8,3514,13068
"33322",74.75,10,5,3,8.3,19.1,12.1,3.1,3396,12877.5
"41193",61.4,10,4,2,7.85,16.9,10.7,3.1,2696,12125
"86086",50.8,9,4,1,6.7,17.1,11,3.2,3154.5,11786
"2B210",41,5,2,1,9.45,20.75,12.8,2.7,4212,14636
"2B135",64.5,7,4,2,7.9,18.9,12.6,3.1,4020,14625
"2B007",102.5,8,5,3,2.45,8.1,6.2,4,NA,NA
"2B207",41,5,2,1,9.45,20.75,12.8,2.7,4212,14636
"34156",52.7,5,3,2,10.3,19.6,10.7,4.7,4299,14539.5
"34279",41.6,5,3,1.5,8.2,18.8,11.1,3.1,4299,14539.5
"5004",72.6,7,4,3,3.5,14.6,7.5,1.8,3877,15007
"5090",74.35,8,5,3,3.2,14.5,7.6,2.2,4638,15887
"7093",94.25,8,4,3,6.85,18.2,9.6,2.6,3297,12155
"2B223",42,6,3,1,9.1,18.1,10.9,2.6,4052,14420
"4019",31.25,4,2,1,0.6,15.4,7,1.3,4194,15022.5
"30325",63,6,3,2,8.2,19.4,9.7,1.6,NA,NA
"83044",64.7,6,4,2,5.7,16.1,9.1,3.3,NA,NA
"4018",65.25,6,4,2,6.5,16.75,9.4,2.5,NA,NA
"2A117",68.6,7,4,2,10.7,20.4,10,3.2,NA,NA
"2B046",40.2,4,2,1,13.5,18.95,12.55,4.3,4212,14636
"13044",38.15,4,2,1,8.3,19.3,10.8,3.7,NA,NA
"30041",47.95,5,3,2,8.3,19.1,10.75,1.7,4324.5,14620
"30145",53.1,5,3,2,8.35,18.6,11.1,3.1,4324.5,14620
"48145",86.6,11,6,3,1.9,8.4,7.3,7,3506.5,12843
"48049",60.25,8,4,2,7.85,20.2,9.2,3.2,3506.5,12843
"48040",67.05,8,4,2,3.3,12.4,8.5,3.3,NA,NA
"34118",73.4,7,3,2,8,19.8,10.9,2.2,4380,14835.5
"26146",66.5,6,3,2,8.4,19,10.9,3.3,4188,15087
"26295",61,8,3,2,6.65,17.7,11.5,1.2,3039,12156
"2B354",96.7,6,4,3,5.45,16.7,9.25,4.4,4232,15515
"2B029",63.55,4.5,2,2,10.65,17,12.3,2.3,4212,14636
"2B352",39.3,5,3,1,8.75,19,12.6,4.7,4352.5,15088.5
"30319",49.2,6,3,2,8.3,19.1,10.75,1.7,4150,14931.5
"66041",31.7,3,2,1,10.8,19.45,11.4,4.5,4099,14633.5
"34295",44,5,2,1,10.95,19.9,12,2.6,4690,15794
"7040",63.1,7,3,2,7.55,14.5,9.4,3.1,3090.5,12678
"48146",72,8,4,2,7.1,18.5,8.2,2.7,3282,11861.5
"4179",66,6,4,2,3,17.5,8.7,1.2,4490,16015
"34221",43.5,5,3,1,8.2,19.7,10.95,2.2,NA,NA
"34230",68.45,7,4,2,5.7,15.7,9.9,7.3,NA,NA
"34162",39.45,4,2,1,9.9,20.1,11.4,3,4120,14757
"66193",43.2,6,2,1,7.4,18.15,9.2,1.3,3137,12269.5
"7330",60.9,6,3,2,7.7,19.2,10.8,2.8,3968,13651
"7134",74.1,5,3,2,6.8,18.2,10.1,2.4,3968,13651
"83076",46.7,4,2,1,6.8,19.5,10.05,2,NA,NA
"34318",55.9,5,2,2,8,20.7,10.1,2.2,NA,NA
"4086",48.85,6,3,2,0.6,15.4,7,1.3,4194,15022.5
"4209",62.25,6.5,4,2,5.05,19.05,9.1,1.8,4433,13701
"48028",65.95,7,4,2,5.6,14.35,8.8,4.2,3282,11861.5
"34087",42.7,4,2,1,9.1,19.3,11.9,4.8,4104,14498
"34209",27.95,4,2,1,10.3,19.9,11.8,4,4120,14757
"6002",70.8,7,4,2,5,12.85,7.3,3,NA,NA
"2A099",117,9,5,3,8.4,16.5,9.4,2.3,4020,14625
"7085",66.5,7,4,2,7.55,14.5,9.4,3.1,3090.5,12678
"7129",66.5,7,4,2,7.55,14.5,9.4,3.1,3090.5,12678
"30295",51.1,5,3,2,8.3,19.1,10.75,1.7,4150,14931.5
"13019",38.2,4,2,1,6.8,19.4,10.8,2.4,4650,15336
"7161",94.55,8,4,3,7.2,16.4,9.7,1.7,3275,12558
"7028",61.25,6,3,2,10,19.8,10.5,2.4,NA,NA
"48050",65.95,7,4,2,5.6,14.35,8.8,4.2,3282,11861.5
"11095",41.35,6,3,1,9.9,19.4,11.7,4.9,3965,14346.5
"6104",53,5,3,2,6.9,13.4,8.7,3.8,NA,NA
"66046",51.3,7,3,2,9.7,19.4,10.8,4.6,3389,14179
"26367",60.5,7,4,2,8.6,20,10.5,2.3,4106,14618
"11132",37.5,5,2,1,10.3,19.6,11.8,5.6,3965,14346.5
"84091",41.5,4,2,1,9.85,20.1,11.1,4.8,4164,14547
"30337",51.1,5,3,2,8.35,18.6,11.1,3.1,4150,14931.5
"4090",67.2,7,4,2,4.8,16.8,8.1,1.4,NA,NA
"4061",74.35,8,4,3,0.5,13.7,6.5,1.1,NA,NA
"2A024",79.9,8,5,3,7.6,17.3,9.45,2.2,NA,NA
"7226",68.75,9,4,2,3.9,11.5,8.1,4.3,3206,12438
"7200",112.6,10,5,4,2.4,10.8,7.9,3.6,3275,12558
"50041",84.85,12,6,3,9.3,13.6,11.4,7.2,2246.5,9693.5
